heading,count
Neuwave AI-native,288
[Crest Data](https://www.crestdata.ai/author/admin/),195
Advisor,192
Source URL,110
Data Analytics,98
Security,98
Observability,98
Workflow Automation,98
Datadog,98
Dynatrace,98
AI & ML,97
Cloud & Infrastructure,97
Amazon CloudWatch,97
[Security](https://www.crestdata.ai/solutions/security/),96
Capabilities,96
Product Engineering,96
SRE,96
DevOps,96
MLOps,96
Google SecOps,96
ServiceNow,96
IBM QRadar,96
Elastic,96
Splunk,96
[Is Your Security Operations Mythos-Ready?](https://www.crestdata.ai/blogs/ai-vulnerability-storm-is-here-is-your-security-operations-mythos-ready/),96
Neuwave Agentic AI,96
[Security and Observability Migrations](https://www.crestdata.ai/migrations/),96
Blogs,96
Quick Start Datadog Observability,96
The Rise of Non-Human Identities,96
[Case Studies](https://www.crestdata.ai/case-studies/),96
CDN Observability with Datadog,96
ServiceNow SAM Automation,96
Life at Crest,96
[Corporate Governance](https://www.crestdata.ai/corporate-governance/),96
Key Capabilities,96
Company Information,96
Contact Us,96
"Director, WW Technical Support",96
"Director, Business Development",96
"Director, Security Ecosystem and Solutions, US South East",96
"Director, WW Technical Sales",96
"Senior Director, US West Sales",96
"Director, Marketing",96
Company Secretary and Compliance Officer,96
VP of Sales,96
"Director, Business Development, US West",96
"VP, Engineering",96
"Director, Business Development​",96
"Director, IT",96
"Director, HR",96
Chief Financial Officer,96
Co-founder and Chief Techology Officer,96
Co-founder and Chief Executive Officer,96
Please enter your details to view the Data Sheet,96
Please enter your details to view the brochure,96
Start Your Journey with Us,45
Our Experiences Define Our Identity,25
"[Crest Data](https://www.crestdata.ai/author/admin/ ""Posts by Crest Data"")",18
**About the Customer**,16
**Customer Challenge**,16
**About Crest Data**,15
**Executive Summary,12
**Proposed Solution**,12
Apply now,9
,8
CASE STUDIES,7
Crest Data,7
**Outcomes & Success Metrics**,6
Managed Services,6
Migrations,6
Explore content categories,6
Sign in to view more content,6
Why Choose Crest Data?,5
AI Engineer,5
**Customer Solution**,4
**Executive Summary**,4
Ahmedabad,4
IT Service Management,4
Sign in to view Jay’s full profile,4
Welcome back,4
Join LinkedIn,4
Security verification,4
Sign in,4
Sign in to view Ronak’s full profile,4
Rishi Divate,3
**Outcomes**,3
**Why AWS?**,3
Product Snapshots,3
Implementations,3
Integrations,3
Yash Somani,3
[ Accenture in India ](https://in.linkedin.com/company/accentureindia?trk=public_jobs_similar-jobs_main-jobs-card-subtitle),3
[ VOIS ](https://uk.linkedin.com/company/vois?trk=public_jobs_similar-jobs_main-jobs-card-subtitle),3
Testimonials,2
"Sr. Director of Product Management, Datadog",2
Latest Updates,2
A Data & AI-Driven Partner for Cybersecurity and Observability,2
Crest Data is a data and AI-driven technology solutions provider for enterprises and technology innovators in Cybersecurity and Observability.,2
Our Mission,2
Our Vision,2
Customer First,2
Move Fast,2
Empower the Team,2
Equality,2
Continuous Learning,2
Our People are Our Core Strength,2
Meet our Leadership Team,2
Malhar Shah,2
Neha Shah,2
Nirav Thakkar,2
Colwin Fernandes,2
Mili Khamar,2
Kushal Shah,2
Devanshi Raichura,2
Neha Mashruwala,2
Damion Desai,2
Jeet Thakkar,2
Vance Cochrane,2
Mike Saurbaugh,2
Rajeev Goyal,2
Aditya Khetan,2
Customer Advisory Board,2
David Willis,2
Sumeet Mathur,2
"We provide an opportunity to solve difficult problems creatively, and the infrastructure to ensure you are constantly developing.",2
Accelerating Autonomous Driving Research,2
**Technologies Leveraged**,2
Accelerating Dynatrace Migration for Better Observability and Business Outcomes,2
Accelerating Enterprise Observability with AI-Driven Migration to Dynatrace,2
Generating High-Quality Labeled Datasets for AI-enabled Threat Detection through Expert-Led Security Annotation,2
Anomaly Detection of Enterprise Web Traffic for a Technology Company,2
**Conclusion**,2
Delivering High-Availability Business Applications Through a Resilient AWS Architecture,2
**Automation & Observability**,2
**High Availability:**,2
**Operational Efficiency:**,2
Strengthening CDN Observability and Digital Experience Visibility for Retail with Datadog,2
Dexter.ai – AI-Powered Code Smell Remediator,2
Enhancing SRE Operations for a Unicorn Security Startup with an AI-Powered Chat Application,2
"Modernizing Enterprise DevSecOps with an AI-Enabled, Multi-Tenant AWS Platform",2
Enabling Enterprise-Scale Threat Investigations with a Browser-Based Intelligence Extension,2
The MSSP Portal Cloud Operations Solution,2
Leveraging High-Volume Alerts to Derive Actionable Insights with Multi-Agentic AI Solution,2
Operationalize Twitter’s Observability Infrastructure,2
Driving RegTech Business Growth and Operational Efficiency Through AWS Cloud Migration,2
Revolutionizing IT Helpdesk with Generative AI,2
Scaling Enterprise Sybase Monitoring Through Datadog Integration,2
Scaling Business Operations with a Secure AWS Cloud Platform and Advanced Identity Management,2
Intelligent SAM on ServiceNow: Automated Licensing & Provisioning,2
Extending Threat Intelligence Reach with a Native Wazuh Integration,2
Mastering Distributed Security with Real-Time Federated Monitoring and Automated Deployment for Global XDR,2
Delivering Resilient Cloud Infrastructure Services for Enterprise Transformation,2
"As enterprises embark on a digital transformation journey,",2
Why Crest for Cloud and Infrastructure Services?,2
[ Unparalleled High Availability and Resilience ](https://www.crestdata.ai/solutions/cloud-and-infrastructure/#collapse-8571),2
[ Significant Infrastructure and Operational Cost Savings ](https://www.crestdata.ai/solutions/cloud-and-infrastructure/#collapse-8572),2
[ Enterprise-Grade Security and Continuous Compliance ](https://www.crestdata.ai/solutions/cloud-and-infrastructure/#collapse-8573),2
[ Rapid Provisioning and Accelerated Time-to-Market ](https://www.crestdata.ai/solutions/cloud-and-infrastructure/#collapse-8574),2
Comprehensive Cloud Solutions,2
AI-SRE,2
[ How does Crest Data help enterprises modernize cloud and infrastructure environments? ](https://www.crestdata.ai/solutions/cloud-and-infrastructure/#collapse-7341),2
[ Does Crest Data support multi-cloud and hybrid cloud environments? ](https://www.crestdata.ai/solutions/cloud-and-infrastructure/#collapse-7342),2
[ What cloud and infrastructure technologies does Crest Data specialize in? ](https://www.crestdata.ai/solutions/cloud-and-infrastructure/#collapse-7343),2
[ How does Crest Data improve infrastructure reliability and operational performance? ](https://www.crestdata.ai/solutions/cloud-and-infrastructure/#collapse-7344),2
[ Does Crest Data provide infrastructure automation and DevOps services? ](https://www.crestdata.ai/solutions/cloud-and-infrastructure/#collapse-7345),2
[ How does Crest Data help enterprises optimize cloud operations and infrastructure costs? ](https://www.crestdata.ai/solutions/cloud-and-infrastructure/#collapse-7346),2
[ Does Crest Data provide ongoing cloud operations and managed infrastructure support? ](https://www.crestdata.ai/solutions/cloud-and-infrastructure/#collapse-7347),2
[ What makes Crest Data different from other cloud and infrastructure service providers? ](https://www.crestdata.ai/solutions/cloud-and-infrastructure/#collapse-7348),2
Migration,2
Enabling Enterprises with Scalable Data Platforms and Advanced Analytics,2
Crest Data delivers enterprise data analytics services,2
Why Crest Data for Data Analytics Solutions?,2
[ Measurable Performance Improvements ](https://www.crestdata.ai/solutions/data-and-analytics/#collapse-8571),2
[ Real-Time & High-Performance Analytics ](https://www.crestdata.ai/solutions/data-and-analytics/#collapse-8572),2
[ Cost Optimization & Efficiency ](https://www.crestdata.ai/solutions/data-and-analytics/#collapse-8573),2
[ Strong Technology & Strategic Partnerships ](https://www.crestdata.ai/solutions/data-and-analytics/#collapse-8574),2
[ Security & Compliance Focused ](https://www.crestdata.ai/solutions/data-and-analytics/#collapse-8575),2
Data Strategy & Consulting,2
Data Science & Machine Learning,2
Data Engineering & Advanced Analytics,2
Security Data Analytics,2
AI for IT Operations (AIOps),2
Data Analytics Integrations,2
[ How does Crest Data help enterprises modernize data and analytics environments? ](https://www.crestdata.ai/solutions/data-and-analytics/#collapse-1081),2
[ What data and analytics services does Crest Data provide? ](https://www.crestdata.ai/solutions/data-and-analytics/#collapse-1082),2
[ Does Crest Data support cloud-native data platforms and modern analytics architectures? ](https://www.crestdata.ai/solutions/data-and-analytics/#collapse-1083),2
[ How does Crest Data help enterprises scale real-time analytics and operational intelligence? ](https://www.crestdata.ai/solutions/data-and-analytics/#collapse-1084),2
[ Does Crest Data support AI and machine learning initiatives through data engineering? ](https://www.crestdata.ai/solutions/data-and-analytics/#collapse-1085),2
[ How does Crest Data improve enterprise data reliability and governance? ](https://www.crestdata.ai/solutions/data-and-analytics/#collapse-1086),2
[ Does Crest Data provide end-to-end data modernization and managed analytics services? ](https://www.crestdata.ai/solutions/data-and-analytics/#collapse-1087),2
[ What makes Crest Data different from other enterprise data and analytics service providers? ](https://www.crestdata.ai/solutions/data-and-analytics/#collapse-1088),2
Use-Cases,2
"AI-Driven Google SecOps Services for Scalable, Automated Security Operations",2
"Google SecOps is a unified, cloud-native security operations platform",2
Why Crest Data for Google SecOps?,2
[ 5000+ Integrations Delivered ](https://www.crestdata.ai/solutions/google-secops/#collapse-1011),2
[ 100+ Customers Rely on Our Gold Parsers ](https://www.crestdata.ai/solutions/google-secops/#collapse-1012),2
[ End-to-End Services ](https://www.crestdata.ai/solutions/google-secops/#collapse-1013),2
[ Agentic AI Leadership ](https://www.crestdata.ai/solutions/google-secops/#collapse-1014),2
[ Reduced Alert Fatigue ](https://www.crestdata.ai/solutions/google-secops/#collapse-1015),2
Our Google SecOps Offerings,2
Gold Parsers,2
Content Packs,2
Back Office Portal Development,2
User Interface (UI) Enhancement,2
Native Dashboard Migration & ML Parsing,2
Third-Party SIEM Integration,2
API Migration,2
GCP Secret Migration,2
Integration Development,2
Playbook Creation & Delivery,2
Implementation Services,2
Integration Development Services,2
Migration Services,2
Optimization Services,2
Custom Solutions,2
Security Expertise,2
Agentic AI Enablement,2
Ongoing Support & Maintenance,2
[ How does Crest Data help organizations get more value from Google SecOps? ](https://www.crestdata.ai/solutions/google-secops/#collapse-2061),2
[ How does Crest Data improve threat detection within Google SecOps? ](https://www.crestdata.ai/solutions/google-secops/#collapse-2062),2
[ How does Crest Data help reduce operational complexity in security operations? ](https://www.crestdata.ai/solutions/google-secops/#collapse-2063),2
[ How does Crest Data help organizations maximize the value of Google SecOps across their security ecosystem? ](https://www.crestdata.ai/solutions/google-secops/#collapse-2064),2
[ What makes Crest Data different from other Google SecOps service providers? ](https://www.crestdata.ai/solutions/google-secops/#collapse-2065),2
[ How can Crest Data help with Google SecOps implementation? ](https://www.crestdata.ai/solutions/google-secops/#collapse-2066),2
"[ Can Crest Data migrate from Splunk, QRadar, Sentinel, or other SIEM platforms to Google SecOps? ](https://www.crestdata.ai/solutions/google-secops/#collapse-2067)",2
[ What should organizations consider before migrating to Google SecOps? ](https://www.crestdata.ai/solutions/google-secops/#collapse-2068),2
Real-Time Threat Detection and Deep Security Visibility with Expert IBM QRadar Services,2
Crest Data offers comprehensive IBM QRadar Services,2
Why Crest Data for IBM QRadar Services?,2
[ Advanced Automation and Reduced MTTD ](https://www.crestdata.ai/solutions/ibm-qradar/#collapse-4261),2
[ Accelerated Time-to-Value & Deployment ](https://www.crestdata.ai/solutions/ibm-qradar/#collapse-4262),2
[ Zero-Disruption Migration Framework ](https://www.crestdata.ai/solutions/ibm-qradar/#collapse-4263),2
[ Significant Operational Cost Savings ](https://www.crestdata.ai/solutions/ibm-qradar/#collapse-4264),2
IBM QRadar Implementation Services,2
IBM QRadar Migration,2
IBM QRadar Integration Services,2
IBM QRadar Managed Services,2
[ How does Crest Data help organizations maximize the value of IBM QRadar? ](https://www.crestdata.ai/solutions/ibm-qradar/#collapse-2081),2
[ How does Crest Data improve threat detection within QRadar? ](https://www.crestdata.ai/solutions/ibm-qradar/#collapse-2082),2
[ Does Crest Data provide QRadar health checks and platform optimization services? ](https://www.crestdata.ai/solutions/ibm-qradar/#collapse-2083),2
[ What makes Crest Data different from other IBM QRadar service providers? ](https://www.crestdata.ai/solutions/ibm-qradar/#collapse-2084),2
[ Can Crest Data integrate IBM QRadar with other security and IT platforms? ](https://www.crestdata.ai/solutions/ibm-qradar/#collapse-2085),2
Ahmedabad/Pune,2
Splunk to Datadog,2
Getting Started,2
Sign Up,2
This Privacy Statement is effective as of July 2019,2
Accelerating Enterprise Operations with ServiceNow Workflow Automation,2
Crest Data enables organizations to run business-critical workflows through ServiceNow with speed and precision.,2
Why Crest Data for ServiceNow Solutions?,2
[ ServiceNow-Focused Delivery ](https://www.crestdata.ai/solutions/servicenow/#collapse-1001),2
[ Deep Integration Engineering ](https://www.crestdata.ai/solutions/servicenow/#collapse-1002),2
[ Performance-First Solutions ](https://www.crestdata.ai/solutions/servicenow/#collapse-1003),2
[ CMDB & Service Graph Expertise ](https://www.crestdata.ai/solutions/servicenow/#collapse-1004),2
Custom Workflow Development,2
Finance Workflows,2
Legal Workflows,2
HR Workflows,2
Security Incident & Threat Intel Workflows,2
Vulnerability Response Workflows,2
"Governance, Risk & ComplianceWorkflows",2
Operational Technology (OT) Workflows,2
[ Why choose Crest Data as your ServiceNow implementation partner? ](https://www.crestdata.ai/solutions/servicenow/#collapse-2081),2
[ How does Crest Data help organizations automate workflows with ServiceNow? ](https://www.crestdata.ai/solutions/servicenow/#collapse-2082),2
[ Does Crest Data provide ServiceNow integration services? ](https://www.crestdata.ai/solutions/servicenow/#collapse-2083),2
[ How does Crest Data help organizations leverage AI and automation within ServiceNow? ](https://www.crestdata.ai/solutions/servicenow/#collapse-2084),2
[ What is Crest Data's expertise in improving ITSM and service operations with ServiceNow? ](https://www.crestdata.ai/solutions/servicenow/#collapse-2085),2
[ What makes Crest Data different from other ServiceNow service providers? ](https://www.crestdata.ai/solutions/servicenow/#collapse-2086),2
[ How does Crest Data help organizations integrate ServiceNow with their enterprise technology ecosystem? ](https://www.crestdata.ai/solutions/servicenow/#collapse-2087),2
Leveraging Software Product Engineering to Drive Enterprise Innovation and Market Leadership,2
Inclusive software product engineering services,2
Why Crest Data for Software Product Engineering?,2
[ Proven Operational Excellence and Massive Cost Optimization ](https://www.crestdata.ai/solutions/software-product-engineering/#collapse-8571),2
[ Accelerated Time-to-Market with Agile Excellence ](https://www.crestdata.ai/solutions/software-product-engineering/#collapse-8572),2
[ Proven Enterprise-scale Delivery ](https://www.crestdata.ai/solutions/software-product-engineering/#collapse-8573),2
[ Deep Expertise in AI-Infused Engineering ](https://www.crestdata.ai/solutions/software-product-engineering/#collapse-8574),2
"[ Enterprise-Grade Security, Scalability and Compliance ](https://www.crestdata.ai/solutions/software-product-engineering/#collapse-8575)",2
Enterprise Integrations​,2
Custom Application Development,2
Enterprise Migrations,2
Integrated DevOps Services,2
MCP Solutions,2
[ How does Crest Data accelerate product development and time-to-market? ](https://www.crestdata.ai/solutions/software-product-engineering/#collapse-2561),2
[ Does Crest Data support AI-driven product engineering? ](https://www.crestdata.ai/solutions/software-product-engineering/#collapse-2562),2
[ Does Crest Data provide enterprise integration services? ](https://www.crestdata.ai/solutions/software-product-engineering/#collapse-2563),2
[ What technologies and engineering approaches does Crest Data specialize in? ](https://www.crestdata.ai/solutions/software-product-engineering/#collapse-2564),2
[ Does Crest Data provide post-deployment support and managed services? ](https://www.crestdata.ai/solutions/software-product-engineering/#collapse-2565),2
[ How does Crest Data reduce engineering and operational overhead? ](https://www.crestdata.ai/solutions/software-product-engineering/#collapse-2566),2
[ How does Crest Data ensure security throughout the product engineering lifecycle? ](https://www.crestdata.ai/solutions/software-product-engineering/#collapse-2567),2
Collaborative Version Control,2
Benefits We Deliver,2
Foster Agility Through DevOps and Automation Services Ensuring Faster Time-to-Market Product Delivery,2
"To stay competitive in this dynamic marketplace, enterprises must expedite product delivery.",2
Why Crest Data for DevOps & Automation?,2
[ Accelerated Time-to-Market and Agility ](https://www.crestdata.ai/solutions/dev-ops-services/#collapse-1811),2
[ Enterprise-scale DevSecOps Maturity ](https://www.crestdata.ai/solutions/dev-ops-services/#collapse-1812),2
[ Operational Excellence and Reliability ](https://www.crestdata.ai/solutions/dev-ops-services/#collapse-1813),2
[ Significant Cost-Optimization ](https://www.crestdata.ai/solutions/dev-ops-services/#collapse-1814),2
Our DevOps & Automation Expertise,2
Source Code Management,2
Continuous Integration,2
SEIM,2
Test Automation and Performance Engineering,2
Configuration Management,2
Cloud-Native Application Platforms,2
"Monitoring, Logging & Observability",2
DevOps on AWS,2
Tools and Technologies We Use,2
[ How does Crest Data help enterprises accelerate software delivery and operational efficiency? ](https://www.crestdata.ai/solutions/dev-ops-services/#collapse-1091),2
[ What DevOps and automation services does Crest Data provide? ](https://www.crestdata.ai/solutions/dev-ops-services/#collapse-1092),2
[ Does Crest Data support cloud-native DevOps environments? ](https://www.crestdata.ai/solutions/dev-ops-services/#collapse-1093),2
[ How does Crest Data improve deployment reliability and operational stability? ](https://www.crestdata.ai/solutions/dev-ops-services/#collapse-1094),2
[ Does Crest Data provide Infrastructure as Code (IaC) and automation services? ](https://www.crestdata.ai/solutions/dev-ops-services/#collapse-1095),2
[ Which cloud and enterprise platforms does Crest Data support for DevOps operations? ](https://www.crestdata.ai/solutions/dev-ops-services/#collapse-1096),2
[ Does Crest Data provide AI-led automation and intelligent DevOps operations? ](https://www.crestdata.ai/solutions/dev-ops-services/#collapse-1097),2
[ What makes Crest Data different from other DevOps and automation service providers? ](https://www.crestdata.ai/solutions/dev-ops-services/#collapse-1098),2
We Operate In,2
About,2
Jay Patel,2
Pratibha Prakash,2
Experience & Education,2
Explore more posts,2
Explore collaborative articles,2
Add new skills with these courses,2
View Ronak’s full profile,2
Use AI to assess how you fit,2
Sign in to access AI-powered advices,2
Sign in to evaluate your skills,2
Sign in to tailor your resume,2
Team Talent Acquisition at Crest Data.ai,2
Similar jobs,2
[ Cognologix Technologies ](https://in.linkedin.com/company/cognologix?trk=public_jobs_similar-jobs_main-jobs-card-subtitle),2
[ Onit ](https://www.linkedin.com/company/onit?trk=public_jobs_similar-jobs_main-jobs-card-subtitle),2
[ Teradata ](https://www.linkedin.com/company/teradata?trk=public_jobs_similar-jobs_main-jobs-card-subtitle),2
People also viewed,2
Similar Searches,2
Sign in to see who you already know at Crest Data,2
[ Eventus Security ](https://sg.linkedin.com/company/eventus-security?trk=public_jobs_similar-jobs_main-jobs-card-subtitle),2
[ NEXPLAY SECURE ](https://www.linkedin.com/company/nexplaysecure?trk=public_jobs_similar-jobs_main-jobs-card-subtitle),2
[ Adani Enterprises Limited ](https://in.linkedin.com/company/adani-enterprises-ltd-?trk=public_jobs_similar-jobs_main-jobs-card-subtitle),2
[ Adani Power ](https://in.linkedin.com/company/adani-power-limited?trk=public_jobs_similar-jobs_main-jobs-card-subtitle),2
[ Tata Consultancy Services ](https://in.linkedin.com/company/tata-consultancy-services?trk=public_jobs_similar-jobs_main-jobs-card-subtitle),2
[ Arrow Electronics ](https://www.linkedin.com/company/arrow-electronics?trk=public_jobs_similar-jobs_main-jobs-card-subtitle),2
Empowering Innovation with Data-Driven Solutions,1
AI and ML,1
Cloud,1
Why Crest Data,1
Trusted by the world's most innovative companies,1
Fortune 500 Hi-Tech Enterprise,1
"[You Wouldn’t Fly Blind, So Why Are Your LLM Applications Running Without Observability?](https://www.crestdata.ai/blogs/llm-observability-datadog-genai-production-guide/)",1
[Quick Start Your Datadog Observability Journey](https://www.crestdata.ai/blogs/llm-observability-quick-start-datadog/),1
[Monitor Citrix DaaS Performance and User Experience with Crest Data and Datadog](https://www.crestdata.ai/blogs/monitor-citrix-daas-performance-and-user-experience-with-crest-data-and-datadog/),1
"[Khushbu Jaha](https://www.crestdata.ai/author/crestdata/ ""Posts by Khushbu Jaha"")",1
We are Hiring!,1
Why work with Crest Data?,1
Our Culture,1
Case Studies,1
**Client Overview**,1
**Key Challenges**,1
**Crest Data Solution**,1
**Custom MLOps Infrastructure**,1
**Research Acceleration**,1
**Advanced Data Labeling**,1
**Implementation Approach**,1
**Business Impact**,1
**Efficiency Gains:**,1
**Key Takeaways:**,1
**Migration Efficiency**,1
**Operational Impact**,1
**Unified Observability**,1
**AI-Driven Outcomes**,1
**Why Crest Data for Dynatrace Migration**,1
Executive Summary,1
Isolation Forest efficiently isolates anomalies through isolation trees. It’s suited for unsupervised tasks as it doesn’t require prior knowledge.,1
A high-quality training dataset is vital. Sources include:,1
Data cleaning ensures model accuracy and reliability,1
Key steps in training the anomaly detection model:,1
**Why AWS Over LiquidWeb?**,1
**Architecture Implementation** :,1
**Environment Setup**,1
**Networking**,1
**Database and Application Layer**,1
**Security & Access Control**,1
**Infrastructure Automation**,1
**Monitoring & Logging**,1
**Centralized Observability**,1
**DevSecOps Best Practices**,1
**Security:**,1
**Observability:**,1
**Key challenges included:**,1
**Unified CDN Visibility**,1
**Performance Monitoring and Experience Assurance**,1
**Incident Detection and Operational Response**,1
**Cache Visibility and Origin Protection**,1
**Security and Traffic Risk Monitoring**,1
**Outcomes and Business Impact**,1
**Centralized Visibility**,1
**Improving Campaign Readiness**,1
**Faster Incident Detection and Resolution**,1
**Improved Customer Experience Oversight**,1
**Better Cache and Origin Efficiency**,1
**Stronger Security Context**,1
**Scalable Operations**,1
**Problem Overview**,1
**1. Detecting Code Smells**,1
**2. Tracking Dynamic Updates in the Code**,1
**3. Providing Context-Aware AI Fix Suggestions**,1
**4. Balancing Automation with Developer Control**,1
**5.Ensuring Compatibility with Multiple IDEs and Linting Tools**,1
**6.Handling Different Programming Languages and Frameworks**,1
**7.Providing Accurate and Meaningful AI Fixes for Complex Code Smells**,1
**8.Performance and Scalability**,1
**9.Ensuring Security and Privacy of Code**,1
**10.Continuous Improvement of AI Models**,1
Dexter.ai acts as an assistant in the code remediation process rather than an automatic fixer. Here’s how it operates:,1
Dexter.ai not only saves developers valuable time but also contributes to long-term improvements in code quality and maintainability. Here are the key benefits:,1
**Value Addition**,1
**Key Metrics and Benefits Summary:**,1
**Outcomes & Success Metrics,1
**Implementation**,1
**Inline Indicator Investigation**,1
**Extension Popup for Holistic Page Analysis**,1
**Reduced Context Switching**,1
**Faster Threat Validation**,1
**Improved Analyst Productivity**,1
**Enhanced Intelligence Enrichment**,1
**Persistence context storage**,1
**Introduction**,1
**Problem Statement / Definition**,1
**Proposed Solution & Architecture**,1
**Why AWS**,1
**Outcomes of Project & Success Metrics**,1
**Specialized Agent Architecture**,1
**Agent Orchestration System**,1
**Multi-Agent Implementation Approach**,1
"To enhance visibility and ensure reliability, Crest Data provided a comprehensive solution for managing Twitter’s Observability and Splunk Infrastructure.",1
**Business Challenge**,1
**The Crest Difference**,1
**Infrastructure Automation:**,1
**Monitoring** :,1
**Security Best Practices** :,1
**Scalability & Flexibility:**,1
**Security & Compliance:**,1
**High Availability & Disaster Recovery:**,1
**Cost Optimization:**,1
**Agility & Faster Deployments:**,1
**Enhanced Security & Compliance:**,1
**Disaster Recovery Readiness:**,1
**The Challenge**,1
"Crest Data addressed these challenges with a multi-faceted AI chatbot solution, focusing on:",1
Critical to the project’s success was addressing the risk of AI “hallucinations.” Crest Data’s strategy included:,1
**Technology Stack**,1
**Results and Benefits**,1
**Performance Monitoring**,1
**Monitoring and Alerting**,1
**Audit and Error Visibility**,1
Environment Setup,1
Networking,1
Database Layer,1
Security & Access Control,1
Infrastructure Automation,1
Monitoring & Logging,1
Centralized Observability,1
DevSecOps Best Practices,1
Security:,1
Operational Efficiency:,1
Observability:,1
**Automation Process Flow:**,1
Improving Privileged Access Management Visibility and Governance with Datadog,1
Strengthening Privileged Access Management Visibility and Governance with Datadog,1
**What Mutual Customers Were Missing**,1
**1. No Automated IOC Contextualization in Wazuh**,1
**2. File Events Without MITRE ATT &CK Context**,1
**3. CVEs Without Exploit Intelligence**,1
**A Production-Ready Threat Intelligence Integration for Wazuh**,1
**IOC Ingestion Engine**,1
**Alert Enrichment**,1
**IOC Enrichment**,1
**File MITRE ATT &CK Mapping**,1
**Vulnerability Exploit Intelligence**,1
**Custom Ruleset & Installer**,1
**Ecosystem Reach**,1
**Faster SOC Triage**,1
**Stronger Customer Outcomes**,1
**Analyst Efficiency**,1
Crest Data helps you build and deploy platforms and applications across,1
Our Approach to Cloud Migration,1
Assessment,1
Readiness and Planning,1
Support and Optimization,1
Our Cloud Migration Professional Services,1
Infrastructure Migration,1
Data Migration,1
Platform Migration,1
Application Migration,1
[ Extensive Migration Experience ](https://www.crestdata.ai/solutions/cloudops/cloud-migration/#collapse-2381),1
[ Mature and Reliable Migration Process ](https://www.crestdata.ai/solutions/cloudops/cloud-migration/#collapse-2382),1
[ Customer-Centric Approach ](https://www.crestdata.ai/solutions/cloudops/cloud-migration/#collapse-2383),1
Our proven KPIs while migrating to Cloud,1
Contact our Experts!,1
Send a message,1
"San Jose, California,",1
"Ahmedabad, Gujarat,",1
"Pune, Maharashtra,",1
Contact us,1
Careers,1
Feedbacks,1
info@crestdata.ai,1
At Crest Data,1
"We are committed to upholding the highest standards of corporate governance to ensure transparency, accountability, & ethical business practices.",1
ANNUAL RETURNS,1
CORPORATE SOCIAL RESPONSIBILITY,1
Trusted by Worlds Most Innovative Companies,1
Advanced Security and Real-time Observability,1
Key,1
Integration Requirements,1
Maximize the performance and security,1
Key Benefits,1
Comprehensive Cloud Security and Real-time Observability,1
Data Sheets,1
Pune/Ahmedabad,1
Remote/Ahmedabad/Pune,1
Technical Sales Engineer,1
We accelerate and automate security operations and incident resolution by orchestration of security resources and integrating disparate security systems on SOAR Platforms.,1
Our SOAR Services,1
Security Orchestration,1
Security Automation,1
Incident Management and Collaboration,1
Leverage Innovative Enterprise Migration Services Engineered for Secured and Seamless Transitions,1
Inclusive Migration Services for Enterprises,1
Why Crest for Enterprise Migrations?,1
[ Accelerated Time-to-Value via Proprietary Automation ](https://www.crestdata.ai/migrations/#collapse-2411),1
[ High-Precision Migration at Enterprise Scale ](https://www.crestdata.ai/migrations/#collapse-2412),1
[ Rapid Deployment and Minimal Business Disruption ](https://www.crestdata.ai/migrations/#collapse-2413),1
[ Embedded Security and Continuous Compliance ](https://www.crestdata.ai/migrations/#collapse-2414),1
Splunk to Dynatrace,1
Splunk to Amazon CloudWatch,1
New Relic to Datadog,1
Splunk to Elastic,1
Elasticsearch to Splunk,1
Splunk To Microsoft Sentinel,1
Microsoft Sentinel to Any platform,1
We have deep expertise and experience in providing high-performance services for many leaders in the Gartner Magic Quadrant in the observability and security space,1
Effortlessly Transition from New Relic to Datadog,1
The New Relic to Datadog Migration Platform is an innovative Application designed to facilitate the seamless migration of visualizations from New Relic to Datadog.,1
Automated Conversion,1
Query Translation,1
Flexible Migration Options,1
Success-Based Billing,1
Comprehensive Reports,1
System with Greater than 50 Memory Usage,1
Minimum Process Count by Services,1
Disk Usage Statistics,1
[ Expertise ](https://www.crestdata.ai/new-relic-to-datadog-migration/#collapse-1061),1
[ Efficiency ](https://www.crestdata.ai/new-relic-to-datadog-migration/#collapse-1062),1
[ Customer Support ](https://www.crestdata.ai/new-relic-to-datadog-migration/#collapse-1063),1
[ Future-Ready ](https://www.crestdata.ai/new-relic-to-datadog-migration/#collapse-1064),1
Webinar on Migrating from Legacy,1
Splunk to Datdog,1
[ What is New Relic and what does it do? ](https://www.crestdata.ai/new-relic-to-datadog-migration/#collapse-1231),1
"[ Is New Relic free, and how is it priced? ](https://www.crestdata.ai/new-relic-to-datadog-migration/#collapse-1232)",1
[ What are the main observability platforms considered alongside New Relic? ](https://www.crestdata.ai/new-relic-to-datadog-migration/#collapse-1233),1
[ Can my New Relic dashboards and NRQL queries be automatically converted to Datadog? ](https://www.crestdata.ai/new-relic-to-datadog-migration/#collapse-1234),1
[ How does the New Relic to Datadog migration process work? ](https://www.crestdata.ai/new-relic-to-datadog-migration/#collapse-1235),1
This Privacy Statement applies to all personal information we collect about you,1
We collect and process several types of personal information we receive from you depending on the ways you interact with us.,1
"To understand the navigational trends on our website, we use third-party analytics tools which collect information which your browser sends when you visit our web page.",1
"We want to know you better, so we can serve you better. But the choice of whether you want this kind of service is of course up to you.",1
We do not sell or license your personal information to third parties.,1
We recognize our responsibility to protect the personal information we collect. We make sure that our measures are in compliance with applicable data protection and data security laws.,1
"We retain your personal information as long as it is necessary to fulfill the specific purposes, as explained under the section “Why do we collect your personal information”",1
International transfers to third parties,1
To unsubscribe from our communications,1
Attention:,1
Updates to this statement,1
Contact Information,1
Precision-Engineered AI Products for Enterprises,1
Neuwave is an AI-native product suite,1
Why Enterprises Choose Neuwave AI-native Products,1
[ Proven Scale & Expertise ](https://www.crestdata.ai/products/neuwave/#collapse-3701),1
[ Accelerated Time-to-Market ](https://www.crestdata.ai/products/neuwave/#collapse-3702),1
[ Significant Cost Efficiency ](https://www.crestdata.ai/products/neuwave/#collapse-3703),1
[ High Accuracy & Quality ](https://www.crestdata.ai/products/neuwave/#collapse-3704),1
[ Enterprise-Grade Automation ](https://www.crestdata.ai/products/neuwave/#collapse-3705),1
[ Multi-Platform Compatibility ](https://www.crestdata.ai/products/neuwave/#collapse-3706),1
Our AI-native Product Suite,1
Integration Fabric,1
Security Operations,1
Infra Operations,1
"AI-first, Security-led Enterprise Solutions Built for enterprise growth",1
Crest Data Solutions delivers,1
Why Enterprises Choose Crest Data?,1
[ AI-First Engineering DNA ](https://www.crestdata.ai/solutions/#collapse-8571),1
[ Proven at Enterprise Scale ](https://www.crestdata.ai/solutions/#collapse-8572),1
[ Accelerated Time-to-Value ](https://www.crestdata.ai/solutions/#collapse-8573),1
[ Operational Excellence ](https://www.crestdata.ai/solutions/#collapse-8574),1
[ Cost Optimization at Scale ](https://www.crestdata.ai/solutions/#collapse-8575),1
[ Full-Lifecycle Ownership ](https://www.crestdata.ai/solutions/#collapse-8576),1
Our Platform Expertise,1
"Build intelligent, autonomous AI Agents services that reason, act, and scale securely across your organization",1
AI Agents represent the next evolution of enterprise automation systems,1
Why Crest Data for AI Agents?,1
[ Production-Ready in Weeks ](https://www.crestdata.ai/solutions/ai-agents/#collapse-7101),1
[ Enterprise-Grade Integrations ](https://www.crestdata.ai/solutions/ai-agents/#collapse-7102),1
[ Multi-Agent Expertise ](https://www.crestdata.ai/solutions/ai-agents/#collapse-7103),1
[ Cost-Optimized Architectures ](https://www.crestdata.ai/solutions/ai-agents/#collapse-7104),1
[ Measurable Business Impact ](https://www.crestdata.ai/solutions/ai-agents/#collapse-7105),1
Agentic AI Consulting & Requirements Analysis,1
Architecture Design,1
Tool Integration (MCP),1
Reasoning Implementation,1
Deployment & Optimization,1
"End-to-End Enterprise AI Solutions Across Data, AI Models, and Autonomous Systems Delivering Measurable AI Outcomes",1
"Artificial intelligence is becoming foundational to modern enterprise and security operations,",1
Why Crest Data for AI-driven Solutions?,1
[ Proven Enterprise Impact ](https://www.crestdata.ai/solutions/ai-and-ml/#collapse-8571),1
[ Faster Time to Value ](https://www.crestdata.ai/solutions/ai-and-ml/#collapse-8572),1
[ Deep Domain Expertise ](https://www.crestdata.ai/solutions/ai-and-ml/#collapse-8573),1
[ Responsible & Secure AI ](https://www.crestdata.ai/solutions/ai-and-ml/#collapse-8574),1
[ Scalable at Enterprise Scale ](https://www.crestdata.ai/solutions/ai-and-ml/#collapse-8575),1
[ Measurable ROI ](https://www.crestdata.ai/solutions/ai-and-ml/#collapse-8576),1
Agentic AI,1
Generative AI,1
Machine Learning,1
Data Annotation,1
Model Context Protocol (MCP),1
Agentic Workflows,1
[ How does Crest Data improve enterprise operations using AI-led intelligence? ](https://www.crestdata.ai/solutions/ai-and-ml/#collapse-8831),1
[ Does Crest Data provide enterprise AI automation services? ](https://www.crestdata.ai/solutions/ai-and-ml/#collapse-8832),1
[ Does Crest Data develop AI agents and agentic workflows? ](https://www.crestdata.ai/solutions/ai-and-ml/#collapse-8833),1
[ Does Crest Data support AI integration with enterprise platforms and cloud ecosystems? ](https://www.crestdata.ai/solutions/ai-and-ml/#collapse-8834),1
[ How does Crest Data help enterprises operationalize and scale machine learning environments? ](https://www.crestdata.ai/solutions/ai-and-ml/#collapse-8835),1
[ What makes Crest Data different from other enterprise AI and ML service providers? ](https://www.crestdata.ai/solutions/ai-and-ml/#collapse-8836),1
"[ What is Model Context Protocol (MCP), and how does it help enterprise AI? ](https://www.crestdata.ai/solutions/ai-and-ml/#collapse-8837)",1
[ How can AI help improve cybersecurity and security operations? ](https://www.crestdata.ai/solutions/ai-and-ml/#collapse-8838),1
Scale enterprise observability with AI-driven Amazon CloudWatch services,1
"As an Amazon Web Services Advanced Services Partner, with the AWS Cloud Operations Competency in Monitoring and Observability,",1
Why Crest Data for Amazon CloudWatch?,1
[ AWS Cloud Operations Competency (Monitoring & Observability) ](https://www.crestdata.ai/solutions/amazon-cloudwatch/#collapse-2091),1
[ 100+ Successful Migrations ](https://www.crestdata.ai/solutions/amazon-cloudwatch/#collapse-2092),1
[ Up to 60% Faster & More Cost-Effective Migrations ](https://www.crestdata.ai/solutions/amazon-cloudwatch/#collapse-2093),1
[ Multi-Vendor Integration Expertise Across 300+ Technologies ](https://www.crestdata.ai/solutions/amazon-cloudwatch/#collapse-2094),1
"[ Reduced Risk, Zero Disruption Approach ](https://www.crestdata.ai/solutions/amazon-cloudwatch/#collapse-2095)",1
[ End-to-End Ownership ](https://www.crestdata.ai/solutions/amazon-cloudwatch/#collapse-2096),1
Implementation,1
Custom Integration Development,1
AWS Marketplace Offerings,1
Splunk to Amazon CloudWatch Migrations,1
Blog on Migrations to CloudWatch,1
[ How does Crest Data help enterprises optimize existing Amazon CloudWatch environments? ](https://www.crestdata.ai/solutions/amazon-cloudwatch/#collapse-1971),1
[ Does Crest Data provide Amazon CloudWatch assessments? ](https://www.crestdata.ai/solutions/amazon-cloudwatch/#collapse-1972),1
[ How does Crest Data improve alerting and incident response in CloudWatch? ](https://www.crestdata.ai/solutions/amazon-cloudwatch/#collapse-1973),1
[ Can Crest Data help reduce Amazon CloudWatch monitoring costs? ](https://www.crestdata.ai/solutions/amazon-cloudwatch/#collapse-1974),1
[ Does Crest Data build custom CloudWatch dashboards for enterprise operations teams? ](https://www.crestdata.ai/solutions/amazon-cloudwatch/#collapse-1975),1
[ How does Crest Data support CloudWatch for AWS modernization initiatives? ](https://www.crestdata.ai/solutions/amazon-cloudwatch/#collapse-1976),1
[ Does Crest Data provide ongoing Amazon CloudWatch managed services? ](https://www.crestdata.ai/solutions/amazon-cloudwatch/#collapse-1977),1
[ What makes Crest Data different from other Amazon CloudWatch service providers? ](https://www.crestdata.ai/solutions/amazon-cloudwatch/#collapse-1978),1
"Machine learning service by Amazon Web Services, streamlining the",1
Enabling Seamless and Cost-Effective Machine Learning Operations,1
Unified Data Preparation and Exploration,1
Enhanced Model Development and Training,1
Streamlined Model Deployment,1
CI/CD Integration for Automation,1
Proactive Monitoring and Performance Management,1
Robust Security and Compliance,1
Effortless Model Retraining and Updates,1
Model Governance and Auditability,1
"We help you build, deploy and manage platforms across hybrid multi-cloud infrastructure to maximize ROI.",1
"Reliable, Scalable, and Efficient Cloud Operations Management",1
Cloud Migration,1
Cloud Infrastructure Management,1
Cloud Application Management,1
Cloud Cost Optimization,1
[ Improved Efficiency ](https://www.crestdata.ai/solutions/cloudops/#collapse-2161),1
[ Cost Savings ](https://www.crestdata.ai/solutions/cloudops/#collapse-2162),1
[ Scalability ](https://www.crestdata.ai/solutions/cloudops/#collapse-2163),1
[ Increased Reliability ](https://www.crestdata.ai/solutions/cloudops/#collapse-2164),1
"Transform raw enterprise data into AI-ready intelligence with secure, domain-driven data labeling at scale.",1
High-quality labeled data is the foundation of high-performing AI systems.,1
Why Crest Data for Data Labeling?,1
[ Proven Scale & Volume ](https://www.crestdata.ai/solutions/data-labeling-services/#collapse-5241),1
[ Measurable Model Impact ](https://www.crestdata.ai/solutions/data-labeling-services/#collapse-5242),1
[ Deep Domain Expertise ](https://www.crestdata.ai/solutions/data-labeling-services/#collapse-5243),1
[ Enterprise-Grade Security ](https://www.crestdata.ai/solutions/data-labeling-services/#collapse-5244),1
[ Custom-Built Annotation Pipelines ](https://www.crestdata.ai/solutions/data-labeling-services/#collapse-5245),1
Security and Confidentiality,1
Domain Preprocessing,1
Expert Annotation Services,1
Custom Annotation Pipelines,1
Rigorous Quality Assurance,1
Accelerate Your Data Innovation with Crest Databricks Solutions,1
Unlock the full potential of your data with Crest Data Databricks services,1
Custom AI & Machine Learning Solutions,1
Implementation & Integration,1
"Maximize Datadog performance with expert-led observability, security, and automation",1
Crest Data is an Advanced Datadog partner,1
Why Crest Data?,1
[ Marketplace Leadership ](https://www.crestdata.ai/solutions/datadog/#collapse-1861),1
[ Accelerated Migrations ](https://www.crestdata.ai/solutions/datadog/#collapse-1862),1
[ Quick Start Services ](https://www.crestdata.ai/solutions/datadog/#collapse-1863),1
[ Measurable Cost Optimization ](https://www.crestdata.ai/solutions/datadog/#collapse-1864),1
[ Enterprise-Scale Security Expertise ](https://www.crestdata.ai/solutions/datadog/#collapse-1865),1
[ End-to-End Managed Support ](https://www.crestdata.ai/solutions/datadog/#collapse-1866),1
Quick Start services to fast-track LLM and full-stack observability into production in weeks,1
Unlock the full potential of Datadog with seamless integrations powered by Crest Data’s Datadog Marketplace Apps,1
Dell EMC Isilon Integration with Datadog,1
Microsoft 365 Defender Integration with Datadog,1
Datadog Marketplace,1
[ How does Crest Data help organizations maximize their Datadog investment? ](https://www.crestdata.ai/solutions/datadog/#collapse-1181),1
[ How does Crest Data improve observability across cloud-native environments with Datadog? ](https://www.crestdata.ai/solutions/datadog/#collapse-1182),1
[ Does Crest Data provide AI Observability services for Datadog? ](https://www.crestdata.ai/solutions/datadog/#collapse-1183),1
[ How does Crest Data help organizations implement LLM Observability with Datadog? ](https://www.crestdata.ai/solutions/datadog/#collapse-1184),1
"[ How does Crest Data help organizations unify observability across cloud, applications, and AI workloads with Datadog? ](https://www.crestdata.ai/solutions/datadog/#collapse-1185)",1
[ What makes Crest Data different from other Datadog service providers? ](https://www.crestdata.ai/solutions/datadog/#collapse-1186),1
"[ Can Crest Data migrate from Splunk, New Relic, Dynatrace, AppDynamics, or other monitoring platforms to Datadog? ](https://www.crestdata.ai/solutions/datadog/#collapse-1187)",1
[ Why do organizations choose Crest Data for Datadog integrations? ](https://www.crestdata.ai/solutions/datadog/#collapse-1188),1
Delivering AI-Enabled Dynatrace Services for Enterprise Observability,1
Reimagine AI-Driven Full-Stack Observability with Dynatrace,1
Why Crest Data for Dynatrace Solutions?,1
[ Proven expertise with 100+ implementations ](https://www.crestdata.ai/solutions/dynatrace/#collapse-1151),1
[ AI-driven Migration Engine ](https://www.crestdata.ai/solutions/dynatrace/#collapse-1152),1
[ Integration Expertise ](https://www.crestdata.ai/solutions/dynatrace/#collapse-1153),1
[ Enterprise-class Managed Observability Services ](https://www.crestdata.ai/solutions/dynatrace/#collapse-1154),1
[ Deep Technical Proficiency ](https://www.crestdata.ai/solutions/dynatrace/#collapse-1155),1
Our Dynatrace Solutions,1
[ Implementations ](https://www.crestdata.ai/solutions/dynatrace/#collapse-8571),1
[ Migrations ](https://www.crestdata.ai/solutions/dynatrace/#collapse-8572),1
[ Integrations ](https://www.crestdata.ai/solutions/dynatrace/#collapse-8573),1
[ Managed Services ](https://www.crestdata.ai/solutions/dynatrace/#collapse-8574),1
What our clients say,1
Observability Migration Assessment,1
Dynatrace and Crest Data Partnernership,1
[ How does Crest Data help organizations accelerate time-to-value with Dynatrace? ](https://www.crestdata.ai/solutions/dynatrace/#collapse-2671),1
"[ Can Crest Data migrate from Datadog, Splunk, New Relic, AppDynamics, or other monitoring platforms to Dynatrace? ](https://www.crestdata.ai/solutions/dynatrace/#collapse-2672)",1
[ How does Crest Data help organizations improve incident detection and root-cause analysis with Dynatrace? ](https://www.crestdata.ai/solutions/dynatrace/#collapse-2674),1
[ How does Crest Data help organizations get more value from Dynatrace's AI-driven observability capabilities? ](https://www.crestdata.ai/solutions/dynatrace/#collapse-2675),1
[ What makes Crest Data different from other Dynatrace service providers? ](https://www.crestdata.ai/solutions/dynatrace/#collapse-2676),1
[ How long does a Dynatrace migration typically take? ](https://www.crestdata.ai/solutions/dynatrace/#collapse-2677),1
"Unifying Data Intelligence with Elasticsearch, Observability, and Security to Drive Operational Resilience",1
"With hyper-distributed digital ecosystems churning out exponential volumes of data,",1
Why Crest Data for Elastic Services?,1
[ Proven Open-Source Contribution and Standardization ](https://www.crestdata.ai/solutions/elastic/#collapse-5261),1
[ Unified Observability ](https://www.crestdata.ai/solutions/elastic/#collapse-5262),1
[ Expert Security Analytics & Detection ](https://www.crestdata.ai/solutions/elastic/#collapse-5263),1
[ Best Implementation Standards ](https://www.crestdata.ai/solutions/elastic/#collapse-5264),1
[ Accelerated AI-Driven Migration ](https://www.crestdata.ai/solutions/elastic/#collapse-5265),1
Elastic Implementation Services,1
Elastic Migration Services,1
Elastic Integration Services,1
Elastic Managed Services,1
[ How does Crest Data help organizations get more value from Elastic? ](https://www.crestdata.ai/solutions/elastic/#collapse-2101),1
[ How does Crest Data help organizations migrate to Elastic from legacy observability and security platforms?  ](https://www.crestdata.ai/solutions/elastic/#collapse-2102),1
[ Does Crest Data develop custom Elastic integrations? ](https://www.crestdata.ai/solutions/elastic/#collapse-2103),1
[ How does Crest Data help organizations improve Elastic Security operations? ](https://www.crestdata.ai/solutions/elastic/#collapse-2104),1
[ How does Crest Data support Elastic Enterprise Search initiatives? ](https://www.crestdata.ai/solutions/elastic/#collapse-2105),1
[ What makes Crest Data different from other Elastic service providers? ](https://www.crestdata.ai/solutions/elastic/#collapse-2106),1
[ Can Elastic Security replace traditional SIEM platforms? ](https://www.crestdata.ai/solutions/elastic/#collapse-2107),1
Turn enterprise data into intelligent actions with Generative AI built for real-world decision-making.,1
"Generative AI is redefining how enterprises operate, enabling faster decision-making, intelligent automation, and entirely new ways to engage customers and employees.",1
Why Crest Data for Generative AI?,1
[ Faster Time-to-Market ](https://www.crestdata.ai/solutions/generative-ai/#collapse-1021),1
[ Proven Operational Gains ](https://www.crestdata.ai/solutions/generative-ai/#collapse-1022),1
[ Enterprise-Ready Architecture ](https://www.crestdata.ai/solutions/generative-ai/#collapse-1023),1
[ AI Embedded in Workflows ](https://www.crestdata.ai/solutions/generative-ai/#collapse-1024),1
AI Agents,1
RAG Systems,1
Intelligent Chatbots,1
Fine-Tuning LLMs,1
Guardrails,1
"Engage our experienced ITOps to automate routine tasks, proactively deliver high-quality IT support and increase productivity by leveraging best-practices and rapidly implementing or consolidating IT apps to the most innovative ITSM platforms.",1
Our Managed ITSM Services,1
Our qualified and experienced IT professionals provide the technical expertise and skills required to manage multi-vendor IT environments.,1
ITSM Administration and Management,1
IT Operations Monitoring,1
[ 360-degree IT Services Intelligence ](https://www.crestdata.ai/solutions/itsm/#collapse-2161),1
[ Improve the productivity of IT staff ](https://www.crestdata.ai/solutions/itsm/#collapse-2162),1
[ Automate incident management ](https://www.crestdata.ai/solutions/itsm/#collapse-2163),1
[ Reduce cost of security operations ](https://www.crestdata.ai/solutions/itsm/#collapse-2164),1
[ Complete SLA-based services ](https://www.crestdata.ai/solutions/itsm/#collapse-2165),1
"Secure, Scalable AI Agent Connectivity Across Enterprise Systems",1
Model Context Protocol (MCP) is emerging as a critical layer for enabling seamless interaction between AI systems and enterprise environments.,1
[ Faster AI Integration ](https://www.crestdata.ai/solutions/mcp-solution/#collapse-1251),1
[ Enterprise-Grade Security ](https://www.crestdata.ai/solutions/mcp-solution/#collapse-1252),1
[ Scalable Architecture ](https://www.crestdata.ai/solutions/mcp-solution/#collapse-1253),1
[ Operational Efficiency ](https://www.crestdata.ai/solutions/mcp-solution/#collapse-1254),1
[ Future-Ready Design ](https://www.crestdata.ai/solutions/mcp-solution/#collapse-1255),1
MCP Strategy & Architecture,1
Secure Tool & Data Access Enablement,1
"Testing, Deployment & Validation",1
Custom MCP Tools Development,1
"Documentation, Training & Enablement",1
Your Trusted MLOps Services Provider for Enterprise-Scale AI,1
"Modern enterprises struggle to move machine learning models from experimentation to production while maintaining high standards of performance, governance, and scalability.",1
Why Crest Data for MLOps?,1
[ Proven Production Scale ](https://www.crestdata.ai/solutions/mlops/#collapse-1551),1
[ Faster Time-to-Value ](https://www.crestdata.ai/solutions/mlops/#collapse-1552),1
[ High-Quality Data Foundations ](https://www.crestdata.ai/solutions/mlops/#collapse-1553),1
[ CI/CD for ML ](https://www.crestdata.ai/solutions/mlops/#collapse-1554),1
[ Cloud-Native & Flexible ](https://www.crestdata.ai/solutions/mlops/#collapse-1555),1
Data Pipeline Development,1
Model Development,1
CI/CD for ML,1
Deployment and Monitoring,1
MLOps Tools and Platforms We Use,1
[ How does Crest Data help enterprises operationalize and scale AI initiatives? ](https://www.crestdata.ai/solutions/mlops/#collapse-1371),1
[ What MLOps services does Crest Data provide? ](https://www.crestdata.ai/solutions/mlops/#collapse-1372),1
[ Does Crest Data support cloud-native MLOps environments? ](https://www.crestdata.ai/solutions/mlops/#collapse-1373),1
[ How does Crest Data improve machine learning reliability and operational visibility? ](https://www.crestdata.ai/solutions/mlops/#collapse-1374),1
[ What is the difference between AIOps and MLOps? ](https://www.crestdata.ai/solutions/mlops/#collapse-1375),1
[ Does Crest Data provide AI-led automation for MLOps operations? ](https://www.crestdata.ai/solutions/mlops/#collapse-1376),1
[ Does Crest Data provide ongoing MLOps support and managed AI operations? ](https://www.crestdata.ai/solutions/mlops/#collapse-1377),1
[ What makes Crest Data different from other enterprise MLOps service providers? ](https://www.crestdata.ai/solutions/mlops/#collapse-1378),1
Transforming Enterprise Visibility With AI-Led Data Observability Solutions,1
Crest Data develops comprehensive observability integrations for enterprise applications,1
Why Crest Data for Observability Solutions?,1
[ Proven at Scale ](https://www.crestdata.ai/solutions/observability/#collapse-1541),1
[ AI-first Approach ](https://www.crestdata.ai/solutions/observability/#collapse-1542),1
[ Faster time-to-value ](https://www.crestdata.ai/solutions/observability/#collapse-1543),1
[ Lower Total Cost ](https://www.crestdata.ai/solutions/observability/#collapse-1544),1
[ Future-ready Expertise ](https://www.crestdata.ai/solutions/observability/#collapse-1545),1
Leverage Innovative Enterprise Data Migration Services Engineered for Secured and Seamless Transitions,1
[ How does Crest Data help enterprises improve operational visibility across modern environments? ](https://www.crestdata.ai/solutions/observability/#collapse-1741),1
[ What enterprise observability services does Crest Data provide? ](https://www.crestdata.ai/solutions/observability/#collapse-1742),1
[ Which observability and monitoring platforms does Crest Data support? ](https://www.crestdata.ai/solutions/observability/#collapse-1743),1
[ How does Crest Data improve enterprise incident detection and operational response? ](https://www.crestdata.ai/solutions/observability/#collapse-1744),1
[ Does Crest Data provide AI-led observability and AIOps services? ](https://www.crestdata.ai/solutions/observability/#collapse-1745),1
[ How does Crest Data support cloud-native and Kubernetes observability? ](https://www.crestdata.ai/solutions/observability/#collapse-1746),1
[ Does Crest Data provide observability automation and managed monitoring services? ](https://www.crestdata.ai/solutions/observability/#collapse-1747),1
[ What makes Crest Data different from other enterprise observability service providers? ](https://www.crestdata.ai/solutions/observability/#collapse-1748),1
Strengthening Modern Enterprises with Intelligent Enterprise Security Services,1
Crest Data is a leading security solutions provider,1
Why Crest Data for Security Services?,1
[ Proven at Enterprise Scale ](https://www.crestdata.ai/solutions/security/#collapse-1661),1
[ Faster Time to Value ](https://www.crestdata.ai/solutions/security/#collapse-1662),1
[ Advanced Threat Detection ](https://www.crestdata.ai/solutions/security/#collapse-1663),1
[ Operational Excellence ](https://www.crestdata.ai/solutions/security/#collapse-1664),1
Managed Security,1
SIEM & SOAR,1
"Data Security (DLP, CASB & DSPM)",1
Cloud Security,1
Network Security,1
Endpoint Management,1
Vulnerability Management,1
Identity & Access Management,1
Threat Detection & Response,1
Navigating AI Vulnerabilities with a Mythos-Ready Security Program,1
Security Startup,1
[ How does Crest Data help enterprises modernize security operations? ](https://www.crestdata.ai/solutions/security/#collapse-4111),1
[ What enterprise security services does Crest Data provide? ](https://www.crestdata.ai/solutions/security/#collapse-4112),1
[ Does Crest Data support cloud-native and hybrid security environments? ](https://www.crestdata.ai/solutions/security/#collapse-4113),1
[ How does Crest Data improve threat detection and security visibility? ](https://www.crestdata.ai/solutions/security/#collapse-4114),1
[ Does Crest Data provide AI-led security operations and automation services? ](https://www.crestdata.ai/solutions/security/#collapse-4115),1
[ Which enterprise security and observability platforms does Crest Data support? ](https://www.crestdata.ai/solutions/security/#collapse-4116),1
[ How does Crest Data integrate security into DevOps and cloud operations? ](https://www.crestdata.ai/solutions/security/#collapse-4117),1
[ What makes Crest Data different from other enterprise security service providers? ](https://www.crestdata.ai/solutions/security/#collapse-4118),1
[ How does Crest Data compare to cybersecurity consulting companies that specialize only in SIEM deployments? ](https://www.crestdata.ai/solutions/security/#collapse-4119),1
AI-led SRE to help enterprises run secure and always-available cloud platforms.,1
Enterprise SRE Services at Crest Data,1
Why Crest Data for SRE Services?,1
[ Measurable Reliability Gains ](https://www.crestdata.ai/solutions/site-reliability-engineering-sre/#collapse-1831),1
[ AI-Led Toil Reduction ](https://www.crestdata.ai/solutions/site-reliability-engineering-sre/#collapse-1832),1
[ Cloud & SRE Expertise at Scale ](https://www.crestdata.ai/solutions/site-reliability-engineering-sre/#collapse-1833),1
[ Global Reliability Operations ](https://www.crestdata.ai/solutions/site-reliability-engineering-sre/#collapse-1834),1
[ Scalable & Cost-Efficient Operations ](https://www.crestdata.ai/solutions/site-reliability-engineering-sre/#collapse-1835),1
Reliability Assessment & Optimization,1
Reliable System Architecture Design,1
"Monitoring, Incident & SLA Management",1
SRE as a Service,1
Our Experiences Define Our Identity​,1
[ How does Crest Data help enterprises improve system reliability and operational resilience? ](https://www.crestdata.ai/solutions/site-reliability-engineering-sre/#collapse-1691),1
[ What Site Reliability Engineering (SRE) services does Crest Data provide? ](https://www.crestdata.ai/solutions/site-reliability-engineering-sre/#collapse-1692),1
[ Does Crest Data support cloud-native and Kubernetes-based SRE environments? ](https://www.crestdata.ai/solutions/site-reliability-engineering-sre/#collapse-1693),1
[ How does Crest Data reduce operational downtime and improve incident response? ](https://www.crestdata.ai/solutions/site-reliability-engineering-sre/#collapse-1694),1
[ Does Crest Data provide AI-led SRE and operational intelligence services? ](https://www.crestdata.ai/solutions/site-reliability-engineering-sre/#collapse-1695),1
[ Which observability and cloud platforms does Crest Data support for SRE operations? ](https://www.crestdata.ai/solutions/site-reliability-engineering-sre/#collapse-1696),1
[ Does Crest Data provide ongoing SRE and managed reliability operations support? ](https://www.crestdata.ai/solutions/site-reliability-engineering-sre/#collapse-1697),1
[ What makes Crest Data different from other enterprise SRE service providers? ](https://www.crestdata.ai/solutions/site-reliability-engineering-sre/#collapse-1698),1
Strengthening Enterprise Analytics with Splunk Solutions,1
Navigating the exponential growth of data in this hyper-connected digital ecosystem demands an AI-native platform,1
Why Crest Data for Splunk Services?,1
[ Dominant Market Presence in App Development ](https://www.crestdata.ai/solutions/splunk/#collapse-1691),1
[ Massive Dedicated Expert Workforce ](https://www.crestdata.ai/solutions/splunk/#collapse-1692),1
[ Proven Cost Optimization ](https://www.crestdata.ai/solutions/splunk/#collapse-1693),1
[ Extensive Implementation Experience ](https://www.crestdata.ai/solutions/splunk/#collapse-1694),1
Crest Data’s Splunk Offerings,1
Splunk Professional Services,1
Splunk Development and Integration,1
Splunk Managed Services,1
Splunk Migration,1
Our Splunk Expertise,1
[ Splunk Enterprise ](https://www.crestdata.ai/solutions/splunk/#collapse-1801),1
[ Splunk UBA ](https://www.crestdata.ai/solutions/splunk/#collapse-1802),1
[ Splunk Threat Intelligence Management ](https://www.crestdata.ai/solutions/splunk/#collapse-1803),1
[ Splunk SOAR ](https://www.crestdata.ai/solutions/splunk/#collapse-1804),1
[ Splunk Observability Cloud  ](https://www.crestdata.ai/solutions/splunk/#collapse-1805),1
[ Splunk IT Service Intelligence (ITSI) ](https://www.crestdata.ai/solutions/splunk/#collapse-1806),1
[ How does Crest Data help organizations maximize the value of their Splunk investment? ](https://www.crestdata.ai/solutions/splunk/#collapse-2041),1
[ Does Crest Data develop custom Splunk Apps and Technology Add-ons (TAs)? ](https://www.crestdata.ai/solutions/splunk/#collapse-2042),1
[ How does Crest Data help improve security operations with Splunk Enterprise Security? ](https://www.crestdata.ai/solutions/splunk/#collapse-2043),1
[ How does Crest Data support Splunk SOAR and security automation initiatives? ](https://www.crestdata.ai/solutions/splunk/#collapse-2044),1
[ Can Crest Data help organizations migrate to Splunk Cloud or modernize existing Splunk environments? ](https://www.crestdata.ai/solutions/splunk/#collapse-2045),1
[ What makes Crest Data different from other Splunk service providers? ](https://www.crestdata.ai/solutions/splunk/#collapse-2046),1
[ How does Crest Data help organizations adopt AI and automation within Splunk? ](https://www.crestdata.ai/solutions/splunk/#collapse-2047),1
Delivering AI-Driven Enterprise Workflow Automation at Scale,1
Crest Data helps enterprises simplify complex operations and accelerate digital execution through workflow automation.,1
Why Crest Data for Workflow Automation?,1
[ Enterprise Workflow Automation at Scale ](https://www.crestdata.ai/solutions/workflow-automation/#collapse-1541),1
[ Proven Outcomes ](https://www.crestdata.ai/solutions/workflow-automation/#collapse-1542),1
[ Integration at Scale ](https://www.crestdata.ai/solutions/workflow-automation/#collapse-1543),1
[ Deep ITSM & CMDB Expertise ](https://www.crestdata.ai/solutions/workflow-automation/#collapse-1544),1
[ SecOps Domain Expertise ](https://www.crestdata.ai/solutions/workflow-automation/#collapse-1545),1
Workflow Automation Consulting,1
Enterprise Workflow Platform Implementation,1
Enterprise Integrations & Data Connectivity,1
Platform Optimization & Support,1
[ How does Crest Data help enterprises improve operational efficiency through workflow automation? ](https://www.crestdata.ai/solutions/workflow-automation/#collapse-1601),1
[ What workflow automation services does Crest Data provide? ](https://www.crestdata.ai/solutions/workflow-automation/#collapse-1602),1
[ Which enterprise workflow and automation platforms does Crest Data support? ](https://www.crestdata.ai/solutions/workflow-automation/#collapse-1603),1
[ How does Crest Data automate complex workflows across enterprise systems? ](https://www.crestdata.ai/solutions/workflow-automation/#collapse-1604),1
[ Does Crest Data provide AI-led workflow automation services? ](https://www.crestdata.ai/solutions/workflow-automation/#collapse-1605),1
[ How does Crest Data improve workflow visibility and operational monitoring? ](https://www.crestdata.ai/solutions/workflow-automation/#collapse-1606),1
[ Does Crest Data provide managed workflow automation and operational support services? ](https://www.crestdata.ai/solutions/workflow-automation/#collapse-1607),1
[ What makes Crest Data different from other workflow automation service providers? ](https://www.crestdata.ai/solutions/workflow-automation/#collapse-1608),1
[ Why do organizations choose Crest Data instead of building ServiceNow workflows internally? ](https://www.crestdata.ai/solutions/workflow-automation/#collapse-1609),1
"Automation for Hassle-free, Error-free Migration",1
The Splunk to Datadog Migration App by Crest Data simplifies the process of moving your monitoring and logging data from Splunk to Datadog,1
Automated Visualization,1
Query,1
In-Depth Migration,1
Flexible Migration,1
Threat Monitoring,1
[ Industry-Leading Expertise ](https://www.crestdata.ai/splunk-to-datadog-migration/#collapse-1061),1
[ Efficiency and Precision ](https://www.crestdata.ai/splunk-to-datadog-migration/#collapse-1062),1
[ Dedicated Support ](https://www.crestdata.ai/splunk-to-datadog-migration/#collapse-1063),1
[ Future-Proof Solutions ](https://www.crestdata.ai/splunk-to-datadog-migration/#collapse-1064),1
Webinar on Migrating from,1
[ What are the key differences between Splunk and Datadog? ](https://www.crestdata.ai/splunk-to-datadog-migration/#collapse-2561),1
[ What does a Splunk to Datadog migration involve? ](https://www.crestdata.ai/splunk-to-datadog-migration/#collapse-2562),1
[ Does Cisco own Splunk now? ](https://www.crestdata.ai/splunk-to-datadog-migration/#collapse-2563),1
"[ Is Splunk a SIEM, and does Datadog support that too? ](https://www.crestdata.ai/splunk-to-datadog-migration/#collapse-2564)",1
[ How long does a Splunk to Datadog migration usually take? ](https://www.crestdata.ai/splunk-to-datadog-migration/#collapse-2565),1
"[ What is Datadog Bits AI, and where does it fit in after migration? ](https://www.crestdata.ai/splunk-to-datadog-migration/#collapse-2566)",1
Simplify and accelerate the transition to Dynatrace,1
Crest Data and Dynatrace have partnered to offer a service that simplifies and accelerates migration from Splunk to Dynatrace,1
Accelerated migration,1
Expert-level resources,1
Future-Proof Flexibility,1
System Monitoring,1
[ Industry-Leading Expertise ](https://www.crestdata.ai/splunk-to-dynatrace-migrations/#collapse-2191),1
[ Implementation Excellence ](https://www.crestdata.ai/splunk-to-dynatrace-migrations/#collapse-2192),1
[ Built for What’s Next ](https://www.crestdata.ai/splunk-to-dynatrace-migrations/#collapse-2193),1
[ What is Dynatrace? ](https://www.crestdata.ai/splunk-to-dynatrace-migrations/#collapse-2091),1
[ What does Dynatrace do? ](https://www.crestdata.ai/splunk-to-dynatrace-migrations/#collapse-2092),1
[ Does Dynatrace support OpenTelemetry? ](https://www.crestdata.ai/splunk-to-dynatrace-migrations/#collapse-2093),1
[ How does Dynatrace OneAgent work? ](https://www.crestdata.ai/splunk-to-dynatrace-migrations/#collapse-2094),1
[ How long does a Splunk to Dynatrace migration take? ](https://www.crestdata.ai/splunk-to-dynatrace-migrations/#collapse-2095),1
Trusted by Global Technology Leaders,1
View mutual connections with Jay,1
727 followers,1
Pravesh Bajpai,1
"[Senior DevOps Engineer Crest Data, Ahmedabad, Gujarat, India  ](https://in.linkedin.com/jobs/view/senior-devops-engineer-at-crest-data-4333894374?trk=public_profile__posts_feed-job-posting-content)",1
Patti J.,1
Bhavesh Chauhan,1
Being Networks,1
Sonatype,1
"See their title, tenure and more.",1
View Jay’s full profile,1
Jay can help you find your next opportunity,1
View mutual connections with Ronak,1
848 followers,1
"[Talent Acquisition - Executive/Sr. Executive/Manager Crest Data, Ahmedabad, Gujarat, India  ](https://in.linkedin.com/jobs/view/talent-acquisition-executive-sr-executive-manager-at-crest-data-4233336651?trk=public_profile__posts_feed-job-posting-content)",1
Monish Shah,1
Hardik dwivedi,1
Devanshi Shah,1
Riddhi Kansara,1
"[Senior Software Engineer / Technical Lead -(Java with React.js) Crest Data, Ahmedabad, Gujarat, India  ](https://in.linkedin.com/jobs/view/senior-software-engineer-technical-lead-java-with-react-js-at-crest-data-2759330179?trk=public_profile__reactions_feed-job-posting-content)",1
View Ronak’s full experience,1
Licenses & Certifications,1
[ DataCamp ](https://www.linkedin.com/school/datacampinc/?trk=public_profile_profile-section-card_subtitle-click),1
Big Data University,1
[ IBM ](https://www.linkedin.com/company/ibm?trk=public_profile_profile-section-card_subtitle-click),1
Other similar profiles,1
Vivek Patel,1
Vipul Jain,1
Anurag Tiwari,1
Harshita Bajpai,1
Pragnya Priyadarsani,1
Shubham Jain,1
Vivek Gautam,1
Sudipta Das,1
Muhammad Azhar Shaikh,1
Jatin Kothari,1
Sonam Prabha. PMP®,1
Jitendra Kumar,1
Arti Kumari,1
Sunil Kumar Kakarla,1
"Satyendra Gupta, SPS®, PSPO®, PSM®",1
Shivam K.,1
Ajay Jamwal,1
MANOJ KUMAR MOHAPATRA,1
Anshul Gupta,1
Others named **Ronak Shah** in **India**,1
AI Product Engineer,1
Sign in to set job alerts for “Product Engineer” roles.,1
[ Improzo ](https://www.linkedin.com/company/improzo?trk=public_jobs_similar-jobs_main-jobs-card-subtitle),1
[ Pattern ](https://www.linkedin.com/company/pattern-hq?trk=public_jobs_similar-jobs_main-jobs-card-subtitle),1
[ Onit India ](https://in.linkedin.com/company/onit-india?trk=public_jobs_similar-jobs_main-jobs-card-subtitle),1
[ Bajaj Finserv ](https://in.linkedin.com/company/bajaj-finserv-lending?trk=public_jobs_similar-jobs_main-jobs-card-subtitle),1
[ Medline ](https://www.linkedin.com/company/medlineinc?trk=public_jobs_similar-jobs_main-jobs-card-subtitle),1
"[ Leapfrog Technology, Inc. ](https://www.linkedin.com/company/lftechnology?trk=public_jobs_similar-jobs_main-jobs-card-subtitle)",1
[ Deloitte ](https://www.linkedin.com/company/deloitte?trk=public_jobs_similar-jobs_main-jobs-card-subtitle),1
[ Medline India ](https://in.linkedin.com/company/medline-india?trk=public_jobs_similar-jobs_main-jobs-card-subtitle),1
[ Dar ](https://lb.linkedin.com/company/dar-al-handasah?trk=public_jobs_similar-jobs_main-jobs-card-subtitle),1
[ HARMAN India ](https://in.linkedin.com/company/harmanindia?trk=public_jobs_similar-jobs_main-jobs-card-subtitle),1
[ Codvo.ai ](https://www.linkedin.com/company/codvo?trk=public_jobs_similar-jobs_main-jobs-card-subtitle),1
[ Quest Global ](https://sg.linkedin.com/company/quest-global?trk=public_jobs_similar-jobs_main-jobs-card-subtitle),1
[ Advanced Energy ](https://www.linkedin.com/company/advancedenergy?trk=public_jobs_similar-jobs_main-jobs-card-subtitle),1
[ Rearc ](https://www.linkedin.com/company/rearc-llc?trk=public_jobs_similar-jobs_main-jobs-card-subtitle),1
[ Setoo ](https://in.linkedin.com/company/setoos?trk=public_jobs_similar-jobs_main-jobs-card-subtitle),1
[ Crisil ](https://in.linkedin.com/company/crisil?trk=public_jobs_similar-jobs_main-jobs-card-subtitle),1
[ Siemens Digital Industries Software ](https://www.linkedin.com/company/siemenssoftware?trk=public_jobs_similar-jobs_main-jobs-card-subtitle),1
AiML Ops,1
Artificial Intelligence Engineer,1
AI Developer II,1
Gen AI Expert,1
AI Engineer - Remote,1
Senior SOC Analyst,1
[ Cyware ](https://www.linkedin.com/company/cyware?trk=public_jobs_similar-jobs_main-jobs-card-subtitle),1
[ Adani Group ](https://in.linkedin.com/company/adani-group?trk=public_jobs_similar-jobs_main-jobs-card-subtitle),1
[ Atech Cloud - India ](https://in.linkedin.com/company/atechcloud-india?trk=public_jobs_similar-jobs_main-jobs-card-subtitle),1
[ S&P Global ](https://www.linkedin.com/company/spglobal?trk=public_jobs_similar-jobs_main-jobs-card-subtitle),1
[ Dishman Carbogen Amcis Ltd ](https://in.linkedin.com/company/imdcal?trk=public_jobs_similar-jobs_main-jobs-card-subtitle),1
[ DRC Systems ](https://in.linkedin.com/company/drc-systems?trk=public_jobs_similar-jobs_main-jobs-card-subtitle),1
[ Aeromesh Systems ](https://in.linkedin.com/company/aeromesh-systems?trk=public_jobs_similar-jobs_main-jobs-card-subtitle),1
[ Deutsche Bahn ](https://de.linkedin.com/company/deutschebahn?trk=public_jobs_similar-jobs_main-jobs-card-subtitle),1
[ Arrow Components ](https://www.linkedin.com/company/arrow-components?trk=public_jobs_similar-jobs_main-jobs-card-subtitle),1
[ Cisco ](https://www.linkedin.com/company/cisco?trk=public_jobs_similar-jobs_main-jobs-card-subtitle),1
[ Black Box ](https://www.linkedin.com/company/black-box?trk=public_jobs_similar-jobs_main-jobs-card-subtitle),1
[ Infocusp Innovations ](https://in.linkedin.com/company/infocusp?trk=public_jobs_similar-jobs_main-jobs-card-subtitle),1
[ Nextgen Clearing Ltd ](https://uk.linkedin.com/company/nextgen-clearing?trk=public_jobs_similar-jobs_main-jobs-card-subtitle),1
Application Security Engineer (Senior) ID71667,1
System Analyst,1
Senior Information Technology Support Engineer,1
Application Security Engineer (Tech Lead) ID71665,1
IT Compliance Analyst,1
Information Technology Analyst,1
Senior IT Support Engineer,1
Senior IT Advisor,1
IT Service Analyst II - Internal IT Support - Admin,1
Senior Risk Analyst,1
Devanshi Raichura’s Post,1
Jignesh Patel’s Post,1
More from this author,1
Rohit Jaraut’s Post,1
Shweta Parikh’s Post,1
Smit Belani’s Post,1
Yash Somani’s Post,1
